metric,pos_x,pos_y,vel_x,vel_y
MSE,0.07484989193393926,0.11828182455359305,2.8080525811718133e-07,5.4140222008924e-05
RMSE,0.27358708290769,0.3439212476041471,0.000529910613327551,0.007358003941893752
