{
    "input_means": [
        0.018309275126105758,
        -0.0011340587470103998,
        -0.0033898653571309005,
        0.5000244393434794,
        0.000986328393919273,
        -0.011347792978529421,
        -0.019732244877780438,
        0.08616473775274011
    ],
    "input_stds": [
        0.19793515749388585,
        0.30641555268820675,
        0.27191836173719686,
        0.00480801731138075,
        0.07241436051847958,
        0.6939467890421404,
        0.7196663949947228,
        9.023369949204927
    ],
    "target_means": [
        -1.7084491084130108e-06,
        -4.203000669250032e-06,
        -0.00033530501252626707
    ],
    "target_stds": [
        0.0008717000300081241,
        0.004787730666546279,
        0.027234556530742245
    ]
}