{"J":[0.1000000015,0.200000003,0.3000000119,0.400000006,0.5,0.6000000238,0.6999999881,0.8000000119,0.8999999762,1,1.100000024,1.200000048,1.299999952,1.399999976,1.5,1.600000024,1.700000048],"Kt":[0.6001929045,0.577549696,0.5446615219,0.506765902,0.4781683087,0.4334482551,0.3930549324,0.3482930362,0.2940207124,0.2529858351,0.2100019157,0.1652265638,0.117383115,0.06784307212,0.008305472322,-0.04323355108,-0.1133590862],"Kq":[-0.1463869959,-0.1412708908,-0.1338951141,-0.1255903542,-0.119665511,-0.110004805,-0.1015228033,-0.09220711142,-0.08019070327,-0.0719268322,-0.06331858784,-0.05390073732,-0.04339578003,-0.03201797605,-0.0191626288,-0.008300549351,0.007841108367],"eta":[0.06525420398,0.1301328093,0.1942242086,0.2568805516,0.3179815412,0.376267761,0.4313281476,0.4809395671,0.525190115,0.5597903728,0.5806372166,0.5854456425,0.5596565604,0.4721280336,0.1034714729,-1.326337934,3.911541462]}
