{"w": [-1.0, 0.0], "beta": [3.141592653589793], "group": [0], "speed": [0.0], "A_inf": [[0.3389795198130905, -5.856132072207852e-05, -0.36625475840680033, -9.436030581430635e-07, 0.08996719213618179, 1.576282414499145e-06], [-3.888008126451295e-06, 2.2116049235223727, -5.932218741924798e-06, 0.20126471013481237, -5.680750322522436e-05, 0.21473677077157818], [-0.34289298359421355, -0.00010211732891092677, 11.854893440897357, 1.372166302980079e-05, -0.2642500233429112, 5.012769283980436e-05], [-4.026704601284606e-06, 0.20008184736369516, 1.7944561758075132e-05, 0.02597494914208944, -4.282601672910835e-06, 0.03107972058904616], [0.09432412462920613, -2.976096476719388e-05, -0.2592731568541703, -1.9430583281154223e-06, 0.30718960481996865, 2.797810458138877e-06], [-6.91417763780086e-06, 0.21470315825937356, 5.125768195524203e-05, 0.031019415173379247, -8.842709622977114e-07, 0.11992197326664097]], "B_inf": [[0.0, 0.0, 0.0, 0.0, 0.0, 0.0], [0.0, 0.0, 0.0, 0.0, 0.0, 0.0], [0.0, 0.0, 0.0, 0.0, 0.0, 0.0], [0.0, 0.0, 0.0, 0.0, 0.0, 0.0], [0.0, 0.0, 0.0, 0.0, 0.0, 0.0], [0.0, 0.0, 0.0, 0.0, 0.0, 0.0]], "AM": [[[[[0.3389795198130905]], [[-5.856132072207852e-05]], [[-0.36625475840680033]], [[-9.436030581430635e-07]], [[0.08996719213618179]], [[1.576282414499145e-06]]], [[[-3.888008126451295e-06]], [[2.2116049235223727]], [[-5.932218741924798e-06]], [[0.20126471013481237]], [[-5.680750322522436e-05]], [[0.21473677077157818]]], [[[-0.34289298359421355]], [[-0.00010211732891092677]], [[11.854893440897357]], [[1.372166302980079e-05]], [[-0.2642500233429112]], [[5.012769283980436e-05]]], [[[-4.026704601284606e-06]], [[0.20008184736369516]], [[1.7944561758075132e-05]], [[0.02597494914208944]], [[-4.282601672910835e-06]], [[0.03107972058904616]]], [[[0.09432412462920613]], [[-2.976096476719388e-05]], [[-0.2592731568541703]], [[-1.9430583281154223e-06]], [[0.30718960481996865]], [[2.797810458138877e-06]]], [[[-6.91417763780086e-06]], [[0.21470315825937356]], [[5.125768195524203e-05]], [[0.031019415173379247]], [[-8.842709622977114e-07]], [[0.11992197326664097]]]], [[[[0.8822538136810374]], [[9.887011152954064e-05]], [[-0.5339729247053259]], [[2.8552505262577552e-05]], [[0.21023832997132097]], [[0.00013694848835640457]]], [[[0.00013760417723957452]], [[4.722690938493981]], [[-0.00023062072402270286]], [[0.45950664497173505]], [[-5.238915633866436e-05]], [[0.39079767013280364]]], [[[-0.5110184191617039]], [[-0.0013704725092914018]], [[23.682847468676528]], [[-9.22030053665725e-05]], [[-1.0593087688065517]], [[-0.00035146168881931296]]], [[[7.123315468752737e-06]], [[0.46155877388164507]], [[4.5323700314102064e-06]], [[0.053457423147622765]], [[-4.444165261069112e-06]], [[0.05161005334435482]]], [[[0.22016848973514372]], [[0.00019798908903279592]], [[-1.0452257677498917]], [[2.491801225483274e-05]], [[0.47400642654866076]], [[0.00010181817755863259]]], [[[4.831524034130456e-06]], [[0.3901953604219977]], [[1.1445935148721924e-05]], [[0.051492035824702985]], [[1.2450056043501468e-05]], [[0.21685101740390988]]]]], "BD": [[[[[0.0]], [[0.0]], [[0.0]], [[0.0]], [[0.0]], [[0.0]]], [[[0.0]], [[0.0]], [[0.0]], [[0.0]], [[0.0]], [[0.0]]], [[[0.0]], [[0.0]], [[0.0]], [[0.0]], [[0.0]], [[0.0]]], [[[0.0]], [[0.0]], [[0.0]], [[0.0]], [[0.0]], [[0.0]]], [[[0.0]], [[0.0]], [[0.0]], [[0.0]], [[0.0]], [[0.0]]], [[[0.0]], [[0.0]], [[0.0]], [[0.0]], [[0.0]], [[0.0]]]], [[[[0.0]], [[0.0]], [[0.0]], [[0.0]], [[0.0]], [[0.0]]], [[[0.0]], [[0.0]], [[0.0]], [[0.0]], [[0.0]], [[0.0]]], [[[0.0]], [[0.0]], [[0.0]], [[0.0]], [[0.0]], [[0.0]]], [[[0.0]], [[0.0]], [[0.0]], [[0.0]], [[0.0]], [[0.0]]], [[[0.0]], [[0.0]], [[0.0]], [[0.0]], [[0.0]], [[0.0]]], [[[0.0]], [[0.0]], [[0.0]], [[0.0]], [[0.0]], [[0.0]]]]], "Fk_Re": [[[[0.0]], [[0.0]], [[0.0]], [[0.0]], [[0.0]], [[0.0]]], [[[0.0]], [[0.0]], [[0.0]], [[0.0]], [[0.0]], [[0.0]]]], "Fk_Im": [[[[0.0]], [[0.0]], [[0.0]], [[0.0]], [[0.0]], [[0.0]]], [[[0.0]], [[0.0]], [[0.0]], [[0.0]], [[0.0]], [[0.0]]]], "Fs_Re": [[[[0.0]], [[0.0]], [[0.0]], [[0.0]], [[0.0]], [[0.0]]], [[[0.0]], [[0.0]], [[0.0]], [[0.0]], [[0.0]], [[0.0]]]], "Fs_Im": [[[[0.0]], [[0.0]], [[0.0]], [[0.0]], [[0.0]], [[0.0]]], [[[0.0]], [[0.0]], [[0.0]], [[0.0]], [[0.0]], [[0.0]]]], "rao_Re": [[[[0.0]], [[0.0]], [[0.0]], [[0.0]], [[0.0]], [[0.0]]], [[[0.0]], [[0.0]], [[0.0]], [[0.0]], [[0.0]], [[0.0]]]], "rao_Im": [[[[-0.0]], [[-0.0]], [[0.0]], [[0.0]], [[0.0]], [[-0.0]]], [[[0.0]], [[0.0]], [[0.0]], [[0.0]], [[0.0]], [[0.0]]]], "M": [[7.658131550092238, 0.0, 0.0, 0.0, -1.0415058908125443, 2.9845813446279926e-06], [0.0, 7.658131550092238, 0.0, 1.0415058908125443, 0.0, 0.22163854762392618], [0.0, 0.0, 7.658131550092238, -2.9845813446279926e-06, -0.22163854762392618, 0.0], [-0.0, 1.0415058908125443, -2.9845813446279926e-06, 0.21222215076264844, 0.0, 0.030203667108747393], [-1.0415058908125443, -0.0, -0.22163854762392618, 0.0, 0.6267185145488658, 0.0], [2.9845813446279926e-06, 0.22163854762392618, -0.0, 0.030203667108747393, 0.0, 0.4850737124281931]], "C": [[0.0, 0.0, 0.0, 0.0, 0.0, 0.0], [0.0, 0.0, 0.0, 0.0, 0.0, 0.0], [0.0, 0.0, 1570.4274596906203, 0.00018161451513265536, -88.15351056571667, 0.0], [0.0, 0.0, 0.00018161451513265536, 3.8874572938190495, -5.276130111896843e-05, 0.0], [0.0, 0.0, -88.15351056571667, -5.276130111896843e-05, 73.17764740196694, 3.3881317890172014e-21], [0.0, 0.0, 0.0, 0.0, 0.0, 0.0]]}