metric,pos_x,pos_y,vel_x,vel_y
MSE,1.2574240375907868,3.1706870482151492,4.861186251181799e-07,0.00011738944190915271
RMSE,1.1213492041245612,1.7806423133844567,0.0006972220773313048,0.0108346408297254
