{"J":[0.1000000015,0.200000003,0.3000000119,0.400000006,0.5,0.6000000238,0.6999999881,0.8000000119,0.8999999762,1,1.100000024,1.200000048,1.299999952,1.399999976,1.5,1.600000024,1.700000048],"Kt_port":[0.6015382409,0.593757391,0.5510412455,0.5360780358,0.4937761426,0.4534420073,0.3963127434,0.3507517874,0.3245617747,0.2638090551,0.2168990523,0.1724720597,0.1232818514,0.08002730459,0.02583649196,-0.02684925683,-0.1004455909],"Kt_stbd":[0.6001929045,0.577549696,0.5446615219,0.506765902,0.4781683087,0.4334482551,0.3930549324,0.3482930362,0.2940207124,0.2529858351,0.2100019157,0.1652265638,0.117383115,0.06784307212,0.008305472322,-0.04323355108,-0.1133590862],"Kq_port":[0.1464440376,0.1449699551,0.1349728853,0.1322349161,0.1226449013,0.113992773,0.1012746617,0.09091491252,0.08598344773,0.07336314023,0.06385599077,0.05455250293,0.0431227535,0.03285519034,0.02114252374,0.009232374839,-0.006759033073],"Kq_stbd":[-0.1463869959,-0.1412708908,-0.1338951141,-0.1255903542,-0.119665511,-0.110004805,-0.1015228033,-0.09220711142,-0.08019070327,-0.0719268322,-0.06331858784,-0.05390073732,-0.04339578003,-0.03201797605,-0.0191626288,-0.008300549351,0.007841108367],"eta_port":[0.06537500024,0.130371049,0.1949301362,0.2580845356,0.3203839362,0.3798532486,0.4359687865,0.4912187159,0.5406860113,0.5723107457,0.5946601629,0.6038171649,0.5915018916,0.5427281857,0.2917347252,-0.7405577898,4.020826817],"eta_stbd":[0.06525420398,0.1301328093,0.1942242086,0.2568805516,0.3179815412,0.376267761,0.4313281476,0.4809395671,0.525190115,0.5597903728,0.5806372166,0.5854456425,0.5596565604,0.4721280336,0.1034714729,-1.326337934,3.911541462]}