{
    "input_means": [
        0.016880459137391106,
        -0.0033719221817690697,
        -0.00661068988105813,
        0.5000120173589998,
        0.002121904624533964,
        0.005237618932050468,
        -0.02055228521098997,
        0.19112332276304583
    ],
    "input_stds": [
        0.1555914007382687,
        0.2654802303671219,
        0.2606266673473664,
        0.00531502414712655,
        0.06869673889343562,
        0.6883132879549219,
        0.7251034329978149,
        8.74529669913851
    ],
    "target_means": [
        -3.5658328713577064e-06,
        2.54788312480133e-06,
        -0.0006632201171361219
    ],
    "target_stds": [
        0.000985256950964127,
        0.004675741156198097,
        0.026108510482774436
    ]
}